003,1995-12-23,"Fellini","Bartolomé Mitre 1851, Buenos Aires","Venue: Fellini;Genre: Techno;Genre: Trance","Después de dos fines de semana sin actividad tecno (Uno me fui a dormir a la medianoche, y el otro vino Silvia a explicarme algunas cosas de Programación II (nos quedamos solos en casa, estuvo bueno), volví a Fellini.\n\nA la tarde habíamos ido con Luis a la Masa Records, y pasamos la tarde ahí. Compré música y después volví a casa. Luis fue a lo de Sebastián, yo llegué a casa, la chica falló (la música nunca), y llamé a los chicos. Me fui a la casa de Sebastián y nos quedamos mirando TV.\n\n'The heart want what it wants' / uplifting vibes\n\nSalimos ya de día y el aerosol no funcionó. En Fellini nos encontramos con Ariel, Norberto, Adrián, la novia, Luciano, Laura, Javier y Patricia.\n\nEstuvo terrible, no hubo que esperar buena música: The Modifiers 'Take Me Higher (Hypnotic Mix)', Josh Wink, DJ HMC 'Cum On'. En el baño no había agua (lo que nos mató). Un par de chicas lindas miraban desde la barra (la rubia) y la de la pista (pelicorta de pollerita).\n\nDiego Cid nos mató con Rave y Hard Trance. Gustavo López con Hard Trance y Jungle.\n\nmelodic fast trance / keep on dancin'","/images/TheSecondReport_0107.png;/images/TheSecondReport_0107b.png"
004,1995-12-30,"Caniche + Fellini","Uruguay 142, Buenos Aires","Venue: Caniche;Venue: Fellini;Genre: Techno;Genre: Trance","La actividad no tiene límite. Después de haber ido a la 2da maratón de Hot FM y haber vuelto a casa a eso de las 6 AM. Después de habernos 'cortado' el pelo. Después ruta (Caniche + Fellini). Luis y yo. La música nunca te decepciona.\n\nEn Caniche nos encontramos con Javier, Magoo, Gustavo López y esta loquita de piernas delgadas. JUSTIFY MY LOVE\n\nPrimero Hip Hop, Disco, Electro, etc. Después, Trance & Hard Trance. El tema del shaker que parece gas. Mas de una hora imponiendo solo dos personas y algún que otro descolgado.\n\nDespués nos fuimos a Fellini (qué calentura dios). En la puerta nos encontramos a Silvia de San Justo, y a su prima o algo así, y esta chica Verónica con el primo. Después llegó Diego y Carolina. Pasaos y casi no tuvimos que esperar. Wink, Space 2000, The Modifiers 'Take Me Higher (Hypnotic Mix)', DJ HMC 'Cum On', Hard G.M.D!!\n\nDrum n' Bass. Fast Techno. Descontrol absoluto en la pista. Algunas mujeres hermosas...\n\nY después arriba del gran woofer, tuve que agarrar a la chica descontrolada y lo hice. GMD, rave y mas trance para la anteúltima noche de Fellini.\n\nBuena manera de despedir el año - a veces hay que ser egoísta y actuar como uno siente, por lo menos mientras no se esté en el lugar indicado. Llegamos a casa antes del mediodía, absolutamente destruídos, así y todo a la tardecita fuimos a la radio (solo una muestra mas)\n\ntripping out!'","/images/TheSecondReport_0108.png;/images/TheSecondReport_0108b.png;/images/TheSecondReport_0109.png"
005,1996-01-06,"Caniche + Planetario","Uruguay 142, Buenos Aires","Artist: Abismo;Artist: Reder;Artist: The Other Faith;Venue: Caniche;Venue: Planetario;Genre: Techno;Genre: Trance;Genre: Goa Trance","Lo del sábado 06/01/96 fue mucho más descontrolado. Muchísimo más.\n\nMe fui de casa a las 6 de la tarde a la casa de Verónica, donde iba a ver diversión segura, y la hubo, y muy colchón. Después de comer allí me fui a Caniche, donde iban a tocar Reder, Abismo y The Other Faith.\n\nEstuvimos en la puerta con Luis, Luciano, Laura, Cecilia, Leo, Macarena, Marcela, Javier, Hernán, Diego Cabeza, Sebastián, Mariela, etc.\n\nAl principio relaciones públicas. Lo de Reder hubiera sido mejor si hubiera sido instrumental. Las bases eran muy bailables. Lo de The Other Faith salió muy bien, la voz de Eduardo estuvo muy bien y unos temas son destacables. También me gustó Abismo por la melodías.\n\nDespués hubo música y nos descontrolamos muchísimo. DJ HMC 'Cum On'.\n\nSabíamos que se estaba haciendo lo del Planetario y teníamos ganas de ir. Nos habían dicho que no se hacía y no sabíamos qué hacer. Bajé a avisarle a algunos chicos que nos íbamos y escucho los primeros golpes de 'Higher State Of Consciousness' y no pude irme, avisé a los demás que bajen y...Chaos!\n\nDespués nos dividimos en mini grupos y nos fuimos al Planetario. Bajamos y se escuchaba ruido, pero nos acercamos un poco y me di cuenta que era música de Los Pericos. Seguimos caminando y escuchamos furiosos bajos ácido y gritamos RUN!\n\nApenas llegamos nos pusimos a bailar. Todavía era de noche y la música era terrible (bien), pero el DJ (Gerardo) no mezclaba bien. Casi nada conocido, solo 'Transformation' y 'Substance Abuse' de F.U.S.E.\n\nHIGHER!!\n\nEra alucinante la sensación de bailar al aire libre, en el equivalente local del UK Tribal Gathering (solo por ser al aire libre, obvio). Con Luis, Luciano y Javier, bailamos hasta que era totalmente de día. Había mucha gente conocida, y estábamos muertos.\n\nDance beats were pumping and the volume seemed to rise up instead of going down. Beats were getting louder & louder. \n\nLuis y yo terminamos con el lugar. Un emprendimiento admirable.\n\nCOW CUD IS A TWIN","/images/1996-Caniche-06-01-96.png;/images/1996-Caniche-06-01-96b.png;/images/1996-Canicheb.png;/images/1996-Canichec.png;/images/1996-Caniche01.png;/images/TheSecondReport_0111.png;/images/TheSecondReport_0111b.png;/images/TheSecondReport_0112.png;/images/TheSecondReport_0112b.png"
006,1996-01-13,"Caniche","Uruguay 142, Buenos Aires","Artist: Audioperu;Venue: Caniche;Genre: Techno;Genre: Trance","WIRED / 4 TO 2000\n\nPrimero fui a Lanús con Ariel a la casa de un chico que vendía discos raros y conseguí eso, Rave, Techno Pop, Techno, en total 11 discos.\n\nDe ahí a casa y de ahí a José León Suárez (la loma del orto) a la FM Unión a presenciar la Trashnoche como invitados.\n\nLos chicos muy macanudos y con iniciativa. Quizás algo cambie este año.\n\nNuestro futuro está íntimamente ligado a la música y todo lo que hagamos será un paso adelante. Alguien tiene que hacerlo. Quizás si podamos.\n\nTEKNO ÜBER ALLES !!\n\nJust like U\n\nMuchas coincidencias.\n\nCaminamos algo ahí y Leo nos alcanzó hasta Floresta. Nos saltamos muriendo de frío (eso esta bueno). \n\nLlegamos a Caniche y adentro nos encontramos con Valeria, Yamila, Javier, Claudio y Vana. Javier estaba muy cortado (situación chocante). \n\nInesperadamente tocó Audioperu, que por suerte la música está mucho mejor que el nombre del grupo (un dúo con un par de sintetizadores analógicos). Trance muy moderno, Interesante y original. El contacto con ellos ya está hecho. \n\nDespués pasaron música excelente; no había tanta gente como el sábado anterior, pero un par de chicas miraban. Gustavo López, Magoo, Murray (pelo verde, o era rojo?), y Diego Cid. \n\nBailamos mucho y parecía como si nuestra inner energy fuera inagotable. Es totalmente liberante, aunque confuso.\n\nDespués de eso y del viaje nos bajamos en Ramos Mejía para acompañar a las chicas, y íbamos caminando por Av. Gaona, pero nos habíamos bajado del colectivo 1, y pasaron 4 imbéciles en un auto y no se les ocurrió mejor cosa que agredirnos. \n\n- ¿Que hacen con esas minas?, nos gritaron.\n\nMe calenté en un nanosegundo y grité, ¡No se mira hija de puta!. Después, 'Aguante Inglaterra!' (con todo el odio)\n\n- 'Argento Puto' (gritó Luis)\n\nY nos empezamos a acercar al auto. \n\nDespués de unos gritos mas la discusión acabo, pero después de dejar a las chicas grité otra vez a la esquina, a unos negros ignorantes.","/images/TheSecondReport_0113.png;/images/TheSecondReport_0113b.png;/images/TheSecondReport_0114.png;/images/TheSecondReport_0114b.png;/images/1996-Canicheb.png;/images/1996-Canichec.png;/images/1996-Caniche01.png"
007,1996-01-25,"Villa Gesell","Villa Gesell, Buenos Aires","Venue: Le Brique;Genre: Techno Pop;Genre: EBM","Por 3er año consecutivo pase unos días en Villa Gesell. \n\nMeses atrás había pensado que esta vez íbamos a ser muchos pero no fue así. Salí el jueves 25 para encontrarme con Adrián y Fernando el viernes 26 en la terminal de Gesell. Conseguimos un lugar muy económico (muy, económico), y nos instalamos después de averiguar en algunos lugar y en el balneario de un tío. \n\nFernando ya se sentía mal y tuvo que irse el 29 a la mañana. Me hizo muy bien alejarme de la tensión y volver renovado para enfrentar un año, aparentemente más movido que el anterior. \n\nUna tarde (o era de noche?), nos encontramos a Martin ex-Hot FM (AKA Aphex Twin) en el Sacoa, donde trabajaba de técnico, y nos dio decenas de crédito para el Indy 500 y el Mortal Kombat 3 Ultimate.\n\nCon respecto a la noche, la opción era mas que obvia, nos encontramos a Fabián en la 3 y arreglamos para esa noche.\n\nFuimos el sábado, el domingo y el martes. Recuerdo haber escuchado 'You', 'Situation', 'Have In Mind', 'Big In Japan', 'The Great Commandment', 'Where Are You?', 'Headhunter', 'Join In The Chant', (here comes another cliche), 'Just Can't Get Enough', 'Experimento 1', 'Dildo', 'Jent Haar', 'Who Is Elvis?', 'Got To Be Free', 'Comin' On', 'Hmm Hmm!', 'House Energy Revenge', 'Living In Oblivion', Tom Wilson 'Technocat', etc.\n\nWho cares? I DO!\n\nLa gente un desastre, terrible – nada en común – (... and the day that we bomb ...)\n\nUna tarde fuimos a Le Brique a escuchar Trance y Hard Trance con Fabián absolutamente convencidos que donde había techno en Gesell era justamente ahí y (casualmente) nosotros estábamos ahí.\n\nNO MORE INFO","/images/TheSecondReport_0115.png;/images/TheSecondReport_0115b.png;/images/TheSecondReport_0116.png;/images/TheSecondReport_0116b.png"
008,1996-02-03,"Ruta: Caniche + El Dorado","Uruguay 142, Buenos Aires","Venue: Caniche;Venue: El Dorado;Genre: House;Genre: Jungle","DESINTOXICACIÓN / clean techno\n\nDespués de una sobredosis óptica y auditiva en el depto. de Sebastián, y después de escuchar a unos flequillo-stones-cabezas cantando (en tono de gaste) 'i Love To Hate U', llegamos a Caniche. Una de las mejores noches. Fueron Cecilia y Julieta, las fanáticas de Recuerdos del Futuro y nos miraron bailar toda la noche. \n\nAparentemente fuimos directo al escenario, luces, colores, y caos en forma de bajo.\n\nLo único que podía salvar a esa altura de la noche era algo para tomar, porque los DJs no estaban dispuestos a bajar los bpm's.\n\n– ustedes siempre hablan de lo mismo. Música, no saben hablar de otra cosa.\n\n+ listo, cambiemos de tema, hablemos de otra cosa. De qué querés hablar?\n\n– no sé.\n\n[ + pure people ]\n\n[ – the rest ]\n\nCREW: Luis, Javier, Claudio, Sebastián, Sebastián, Ricardo, Andrea, Ignacio, Guillermo.\n\nDespués fuimos con Sebastián, Luis, Cecilia y Julieta hacia El Dorado (vodkas de limón mediante). \n\nEntramos y la primera impresión que tuve fue que el lugar era más grande de lo que pensaba. Un poco de House, muchas caras conducidos y esta chica Cecilia me hizo un verdadero cuestionario.\n\nYo necesitaba ir al baño y como el baño de El Dorado no cumplía los requisitos me fui con Sebastián a un bar a la vuelta con un objetivo de 'release the pressure' (sic). Más música, tracks Jungle y los 'hits' de Caniche ('Get House').\n\nmortal. mental.","/images/TheSecondReport_0117.png;/images/TheSecondReport_0117b.png;/images/TheSecondReport_0118.png;/images/1996-Canicheb.png;/images/1996-Canichec.png;/images/1996-Caniche01.png;/images/1996-ElDorado.png"
009,1996-02-10,"Fiesta de La Trashnoche","Uruguay 142, Buenos Aires","Venue: Caniche;Genre: Techno Pop;Genre: EBM;Genre: Rave","Ese día fue un descontrol de llamados, y yo estaba muy excitado con la fiesta. Había pasado una lista de más o menos 20 o 25 personas invitadas.\n\nNos encontramos en el Punto Reflex a las 0 horas, Leo, Pablo, Garrincha, Valeria, Yamila y Analía. Todos adentro del Fiat 147 y yo en el baúl, situación absolutamente claustrofóbica.\n\nLa fiesta fue terrible (bien), abrieron el Vampire y abajo era un caos. Lo más curioso es que pasaba prácticamente la misma variedad de temas, que yo (nosotros) pasaríamos, ejemplos:\n\n'When The Feet Hurt', 'Face To Face', 'Life Is Fun', 'You', 'Running', 'Driving With My Darling', 'Houseman', 'World In My Eyes', 'Techno Man', 'Secret Boy', 'Sin', 'WYHIWYG', 'Life Isn't Easy In Germany', 'Warsaw Ghetto', 'Hass Und Liebe', 'Wild Pain', 'Machineries Of Joy', 'Auto Shutter', 'Stronger Than Steel', 'Dominator', 'Auto Shutter' o 'Cactus Rhythm','Brazil', 'Everybody In The Place', 'Ebeneezer Goode', etc.\n\nSome Quotes:\n\n- 'Estoy contento porque este año vamos a estar todos juntos' (Santiago, La Masa Records)\n\n- 'Quiero sacarme una foto con vos porque sos muy lindo' (Cecilia, RDF Fan)\n\nDJ AT WORK","/images/TheSecondReport_0118b.png;/images/TheSecondReport_0119.png;/images/1996-Caniche-10-02-96.png;/images/1996-Caniche-10-02-96b.png"
010,1996-02-16,"Filo + Ave Porco","San Martin 975, Buenos Aires","Venue: Filo;Venue: Ave Porco;Genre: Soul;Genre: Funk;Genre: House","One more time\n\nthe skies come down \n\nthe mountains move aside\n\n¿Y adónde...? exactamente a Filo. Un bar postmoderno, cultural?, en San Martín esq. Marcelo T. de Alvear. Últimamente, mi zona. \n\nCon ella otra vez, siempre empieza por motivos de estudio y vaya a saberse por qué se corta, pero esta visto que amigos no podíamos ser. Gancia batido con limón, small talk con el DJ de Filo (Dañel Mirkin Frois).\n\n3 posibilidades, Chaquira??? (música negra, Soul, Funk, Hip Hop), Enigma y Ave Porco. Elegimos esta última por ser la más impredecible. Casi no había referencias del lugar. Igual fuimos.\n\nÍbamos bajando por no sé qué calle y voy a doblar y es contramano. La lógica indicaba que la siguiente era mano, entonces me mandé. Pero era contramano, y atrás mío dobla un carro (sic) de policía.\n\nNos hizo estacionar y me dijo muy seco y con cara de malo: 'La documentación del vehículo, por favor'. Le di la cédula verde, mi DNI, y el registro. (La camioneta estaba sin seguro!!).\n\nLe expliqué lo que pasó y dijo: 'Está bien, chico, esta vez se salvaron. Nada de alcohol eh'\n\nNo, ¡por supuesto!\n\nThe other story is still waiting to be written. Ave Porco es un lugar de menos de diez metros de ancho pero muy profundo. La gente es heterogénea. La música, pop y dance. Mezcla extraña. Excesiva decoración, muy postmoderna.\n\nEstuvo bueno, que se yo.","/images/TheSecondReport_0119b.png;/images/TheSecondReport_0120.png;/images/TheSecondReport_0120b.png"
011,1996-02-24,"Trans Musicales - El Cielo","Av. Costanera y Sarmiento, Buenos Aires","Artist: AnaLogique;Artist: Codex;Artist: Polidor;Venue: El Cielo;Genre: Soul;Genre: Trance;Genre: Hard Trance","Último fin de semana de febrero. Nos enteramos de casualidad que se hacía una fiesta trance en El Cielo, que tocaban grupos y DJs invitados, y decidimos ir rápidamente. Obviamente los más activos: Sebastián, Luis y Yo\n\nSalimos tarde, muy tarde. Vivimos muy lejos. Pagamos entrada, y mas de 10 pesos, algo totalmente inusual para nosotros, el lugar ya lo conocíamos. (Pagina 61)\n\nTocó Codex, con sonido renovado. Afortunadamente sin guitarrista en vivo. Y sonó muy bien. Había pasado tanto tiempo desde aquella última vez que lo vi (Pagina 34). Fue una sorpresa agradable. Nos encontramos con Carlos Shaw, y se confirmó mi sospecha que Sebastián habla mucho.\n\nLa música se iba encaminando, 'cuando los grupos están en la senda correcta..'. Nos pusimos a bailar unas cosas potentes. Bajos, mucho Hard Trance.\n\nEn un momento vino Carlos y nos agarró y se dio el momento mas especifico de la noche. Nos llevó a unos sillones y sacó del bolso una Roland TB-303. Increíble. (Si estas leyendo esto y no sabés que es una TB-303 es muy probable que no entiendas casi nada de esta historia, pero quedate tranquilo, tiene una explicación. Naciste en el país del mate, los gauchos, Maradona y los fucking stones).\n\nLamentablemente no pudo tocar el tercer grupo. El primero había sido Polidor (miembros de Avant Press), y AnaLogique se quedó sin poder tocar y la 303 no pudo mostrar lo que puede hacer. \n\nFísicamente anulados. Un detalle extraño fue que al final, mientras pasaban trance melodioso, temas gloriosos, pasaron un fragmento de 'The Great Commandment'.","/images/1996-ElCielo-24-02-96.png;/images/1996-ElCielo-24-02-96b.png;/images/TheSecondReport_0121.png;/images/TheSecondReport_0121b.png;/images/TheSecondReport_0122.png"
012,1996-03-02,"Caniche","Uruguay 142, Buenos Aires","Venue: Caniche;Genre: Hard Trance;Genre: Rave;Genre: Drum n' Bass","El viernes 01/03 a la noche tuve ese final de algebra, que aprobé!\n\nY al otro día, me tuve que levantar a las 5:50 AM para ir a devolver una guardia en el trabajo. Después de esas monótonas 8 horas, volví a casa para un rato después ir al cumpleaños de Valeria y después ir a Caniche (otra vez). Muy poca gente. Tomamos un café con Claudio, Luis y Sebastián (Adidas) y hablamos un poco de política. \n\nDespués volvimos a Caniche y nos cruzamos con los vinyl groovers Jam-on y Jason, que nos contaron de la ruptura con Ricardo de la Trashnoche. Obviamente, como escuchamos la palabra Emmanuel Top, supimos que estábamos cerca de Jam-on. Adentro no había nadie. Ah, también vino Diego T y Carolina. \n\nLa música después fue implacable, pero apenas había 40 personas en el momento más concurrido. Pasaron Drum n' Bass frío y rompedor, Hard Trance y sobre todo ese tema Hardcore Rave que tan mal le hizo a mi pierna derecha. ¡27 horas sin parar!\n\n¿Hasta cuándo? Mientras siga habiendo electricidad.\n\nlong live the synthetic vibe!\nT E K K N Ø !\nnº101 D' endless bass line\nthousand years ahead in time!","/images/TheSecondReport_0123b.png;/images/TheSecondReport_0124.png;/images/TheSecondReport_0124b.png;/images/1996-Canicheb.png;/images/1996-Canichec.png;/images/1996-Caniche01.png"
013,1996-03-16,"3rd House Rave!","Ramos Mejía, Buenos Aires","Venue: Home;Genre: Techno;Genre: EBM;Genre: Trance;Genre: Rave","Hacer la rave en casa (la tercera) era un viejo proyecto, es más, la fiesta de Octubre en Flowers originalmente iba a ser en casa. Pero no fue así. No Noise!\n\nEsta vez quisimos hacer algo más íntimo para poner la música que nosotros queríamos (new music). En las largas horas de trabajo, el solo pensar en la rave aceleraba mi ritmo cardíaco. No hacia más qué pensar en eso. Se organizó todo muy rápido, unas cuantas llamadas, un par de compras, y mucha energía. No podía salir mal.\n\nPreparamos todo desde la tarde y esta vez el sound system estaba listo dos horas antes de que venga la gente. Technics + JVC.\n\nQuien vino? Luciano, Laura, Leo, Macarena, Marcela, Diego T., Carolina, Mariana, Laura B, Mónica, Silvia, Eleonora, Fernando, Diego G., Romina, Cecilia, Analía, Diego B., Ariel, Diego N., Sebastián, Sebastián Z, Ignacio, Rubén, Guillermo, Javier y Rene. (28!)\n\nEl estado de euforia que se da es incontenible. Sebastián trajo la super cámara Sony y se registraron muchos momentos. Chaos… This is Techno\n\nMomentos: \n\n- el LCD de la Sony de Sebastián con los distintos efectos (Solarise, B&W, Sepia, Pixel, Inverse, etc)\n- el bloque hard techno con Syntec, X Marks The Pedwalk, And One, FLA, Front 242, Eco y Genital-A-tech\n- El agua arriba del maxi de Josh Wink\n- 'Charly' de The Prodigy\n- El tema hardcore que puso Luciano que nos matamos con Luis\n- Cuando me baje las bermudas\n- 'Temple of Dreams (Hardcore Mix)' de Messiah\n- Diego's isolation\n- El vodka + pomelo.\n- Diego B con la cerveza en mano\n\nLa destrucción física. El gel, el desodorante, el agua...\n\n'I Talk To The Upper World' , 'Monomaniac', 'Technology', 'Hass Und Liebe', 'Deutschmaschine', 'Puppets, 'The Blade', 'Renaissance', 'Spontanverkehr', 'Corporate Slave', 'Rhythm Of Time (Victor The Cleaner)', 'Higher State of Consciousness', 'Trippologicoo', 'Circus Bells', 'Take Me Higher', 'Red Herring', 'Frequency', 'Temple Of Dreams', 'Freaking', 'Auto Shutter', 'Mindless'\n\nHubo un par de momentos increíbles, Cecilia lanzó asesinas miradas a Silvia. Garrincha pedía tecno pop y criticaba. Diego Brunetti hablaba de USA. Sebastián hablaba. Diego T y Carolina estaban juntos. Silvia me miraba. Salté por la escalera. Sebastián (tranquilo) estaba tranquilo. Con los chicos gritábamos 'GO!'\n\nFilme con distintos efectos. Fernando me pedía techno-pop. Romina me preguntaba por Diego Tucci. Analía tenía cara de orto. Cecilia hablaba con Garrincha. Mi hermana hacía sociales. Luciano trajo la remera de And One. A Luis le agarró un calambre. \n\nGuillermo estaciono su moto roja afuera. Javier se malcopó con el sampler del mixer y disparó todo tipo de sonidos desagradables (pero divertidos) e insistió con viejos temas de New Order. Sampleé la voz de Laurita diciendo 'Recuerdos del Futuro'. Garrincha criticaba. Luis y yo bailábamos.","/images/TheSecondReport_0125.png;/images/TheSecondReport_0125b.png;/images/TheSecondReport_0126.png;/images/TheSecondReport_0126b.png;/images/TheSecondReport_0127.png"
014,1996-03-30,"neue route + Caniche","Uruguay 142, Buenos Aires","Venue: Caniche;Genre: Rave;Genre: Techno;Genre: Drum n' Bass","Salimos con Luis antes de las 5 de la tarde de casa rumbo a lo de Sebastián. Estuvimos ahí un rato viendo la filmación de la rave. Después nos fuimos a la FM Unión a presenciar la Trasnoche y a pasar música nueva en la última hora (Condorgroove). ¡Qué descontrol! 'Trippin Out!', 'Dark', 'An Accident In Paradise'\n\nDe ahí a Congreso a comer en Burger King. Zetareticulian Combo!!, y de ahí finalmente a Caniche. Nos encontramos con mucha gente conocida: Laura, Ignacio, Rubén, Guillermo, Mariana, Mónica, Diego T., Carolina, Nerina, Daniel, Fernando, Javier, etc.\n\nAl principio estaban pasando cualquier cosa, estaba lloviendo un poco afuera y ya sabíamos que no se hacía lo de Alberto Balsalm y Piers por un problema técnico (mentira!). Después no pude parar a bailar. \n\n808 State 'Cubik', Emmanuel Top 'Chill Out', Drum n' Bass Classics\n\nadolf adolf a-a-adolf, you're going to pay\n\nDJ PC 'Insomniak', Emmanuel Top 'Ecsta-Deal', Trancesetters 'The Search', F.U.S.E. 'F.U.'\n\nUna de las 5 mejores noches de Caniche.","/images/TheSecondReport_0127b.png;/images/TheSecondReport_0128.png;/images/1996-Canicheb.png;/images/1996-Canichec.png;/images/1996-Caniche01.png"
015,1996-04-06,"Caniche. Again on the dancefloor...","Uruguay 142, Buenos Aires","Venue: Caniche;Genre: House;Genre: Trance;Genre: Breaks","Ese sábado salí de casa a las 14:30 PM para ir a trabajar 8 horas en el subsuelo de Radiomensaje. Todavía no sabía que iba a pasar a la noche, pensaba que me iba a encontrar con Luis y quizás Nerina y nadie más. Y la gente que se había anotado en Recuerdos del Futuro para ir a Caniche. \n\nNada salió como yo pensaba. Ahí estaba yo en Burger King leyendo el informe techno de la EGM No. 414, cuando Luis me toca, y no estaba solo, al lado estaba Silvia y Eleonora. A nice surprise. Después en Caniche no estaban los oyentes de Recuerdos del Futuro.\n\nWho am I? Where am I? Why do I feel this way? I don't think they know.\n\nSalvo Mariana y Mónica, nos encontramos con un amigo de Eleonora y Silvia, con Jam-On, las hermanitas (Hijitus), Magoo, Rafael, Petete, Javier, Caba, con Maxi y la novia, con Cybertron, Fernando y los amigos. Tambien estaba Ariadna, Romina y Paula, del Instituto French. No encontré el momento adecuado para preguntarles qué carajo hacían ahí.\n\nPasaron Disco al principio y aprovechamos para conocer Lalalandia (?). El lugar estaba lleno. DJ Jason tenía un whiskola y se lo tiré al piso. \n\nHouse, house y mas house. EBE Audio 'Zaxxon'. Descontrol con ese tema. Front 242 'Masterhit', Trance, Breakbeats, 808 State 'Cubik' (otra vez!!). Y los últimos temas nos mataron. \n\nBalance casi ideal (mitad música, mitad chica)\n\n***Home Fucking Is Killing Prostitution***","/images/TheSecondReport_0128b.png;/images/TheSecondReport_0129.png;/images/TheSecondReport_0129b.png;/images/1996-Canicheb.png;/images/1996-Canichec.png;/images/1996-Caniche01.png"
016,1996-04-12,"Caniche. I want to shout!","Uruguay 142, Buenos Aires","Artist: Mutus Liber;Venue: Caniche;Genre: Hip Hop;Genre: Industrial","Era Viernes. Yo me había quedado afónico, no podía hablar pero no sentía frío y quería salir por lo que, y muy a pesar de mis progenitores, arreglé las cosas y Silvia vino a casa, y con Luis, Diego T, Carolina, Laurita y Sergio nos encontramos en la esquina industrial. \n\nEn el viaje un hippoide imbécil desenfundó el enemigo de 6 cuerdas y se puso a tocar temas horrendos, mientras otra decía cantaba (en castellano). Eso sumado a que uno de los temas estuvo dedicado a los veteranos de la guerra de los Malvinas desencadeno nuestra indiferencia. \n\nLos oyentes de Recuerdos del Futuro no se presentaron. En Caniche pasamos como siempre y tuvimos que bancarnos un poco de Hip Hop y de Jazz feo. Después nos empezamos a mover, pero había poca gente. \n\nNos encontramos con ese Conde del sábado pasado y creo que el charlatán no va a joder mas. También estaban Ariel, Norberto y Adrián. La performance de Mutus Liber estuvo ahí, les falta prolijidad y un poco de organización. Con el tiempo van a mejorar mucho. Fui abajo con Silvia a bajar (o a subir?) los ánimos. \n\nArriba con Luis y Norberto nos matamos.","/images/TheSecondReport_0130.png;/images/TheSecondReport_0130b.png;/images/1996-Caniche-12-04-96.png;/images/1996-Canicheb.png;/images/1996-Canichec.png;/images/1996-Caniche01.png"
017,1996-04-13,"Hot FM Party @ Moreno","Moreno, Buenos Aires","Venue: Unknown;Genre: Rave","Una fiesta HOT distinta, porque fui, y porque era en Moreno (el culo del mundo). Por suerte Fernando manejaba. Era como un compromiso, yo hacía muchas que no iba y a esta tenía que ir. \n\nNos habían comentado que la gente era muy marchosa, y era así, o sea con gente común tirando a clase baja y tez oscura, de esa gente que siente desde lastima hasta odio, pero nunca podrá llegar a mantener una amistad. Respeto mucho que se animen a vestirse como quieran, (aunque quizás sea por moda, no se) sobre todo en ese barrio lleno de heavies, stones, punks y bailanteros...\n\nYo si tengo que vivir ahí me suicido. Pero por lo menos se copan con la música dance y odian la bailanta y el rock (porque últimamente el rock se confunde con la bailanta y con el fútbol). La música estuvo bien pero bailé poco porque el ambiente no daba. ('Who Is Elvis?', 'Dildo', 'Jent Haar').\n\nCon Silvia fuimos a los reservados (Way Out?) y vimos cosas increíbles. Pague dos consumiciones y teníamos derecho a quedarnos. Era como una habitación de hotel porque uno pagaba y a luz baja permitía que uno de rienda suelta al instinto. Pero que hay acerca de algo llamado privacidad? \n\nJuro que adelante nuestro había una pareja teniendo sexo. El chico abajo, la chica arriba, moviéndose suavemente pero con extrañas convulsiones. Además atrás, a un costado un chico estaba sentado con una chica encima usándolo de sillón, y el chico estaba usando sus dedos y la chica estaba extasiada.\n\nNosotros no llegamos tan lejos. El lugar no daba para nada, encima por momentos prendían la luz. Después la apagaban de nuevo.\nUna experiencia muy extraña pero es una experiencia.\n\nNo se si tuvo sentido ir, pero por lo menos no me quede durmiendo en casa.","/images/TheSecondReport_0131.png;/images/TheSecondReport_0131b.png;/images/TheSecondReport_0132.png"
018,1996-04-20,"Fundación Banco Patricios","Av. Callao y Sarmiento, Buenos Aires","Artist: Frecuencia Infinita;Artist: Polidor;Venue: Fundación Banco Patricios;Genre: Rave","Toda la data / Una más sobre la hoja. \n\nEra el cumpleaños de Analía y de ahí nos teníamos que ir a la Fundación Banco Patricios (en el mismo lugar desde se había hecho Casa Fantasma). Después del 'festejo' en casa de Analía, me fui a la esquina Reflex a encontrarnos con Silvia de ahí dos colectivos para escuchar la música de Polidor ya desde afuera.\n\nAdentro miles de conocidos: Luciano, Laura, Mariano (y su vodka + naranja), Leo, Macarena, Javier, oyentes de Recuerdos del Futuro, Pablo Schanton, Daniel Melero, Alejandro Ros, Tribantura, Lucas (Intro), Cristian Random (Nostromo), Ignacio (Mutus Liber), etc. Diego T, Carolina, Nerina, Cristian, Gerardo, Bruno y novia. Luis, Sebastián y Marcela llegaron mucho más tarde.\n\nLo de Polidor tenía sentido. Con Luciano nos descontrolamos con 'Take Me Higher', 'Higher State of Consciousness', y 'Cum On'. DJ Dr Trincado pasó muy buena música. Antes, Jungle, después Trance. Lo de Frecuencia Infinita estuvo alucinante, música muy moderna y una iniciativa poderosa y distinta (pero duró poco). Tuvo gusto a poco.\n\nAl final pasaron 'Triple Pay' de Hardfloor!!!, y después 'Alberto Balsalm' de Aphex Twin. \n\nsolo un lento peregrinaje\ncontento con el evento","/images/TheSecondReport_0132b.png;/images/TheSecondReport_0133.png"
019,1996-04-27,"Performance Tecno Audiovisual Intro","Belgrano 75, Ramos Mejía, Buenos Aires","Artist: Intro;Venue: Teatro Leopoldo Marechal;Genre: Techno Pop;Genre: Industrial","Lo único malo del evento es que se hizo muy temprano y la tarde de ese sábado estuve haciendo mil cosas, y salí a 1000 para estar ahí a las 21:00 hs. Me encontré con Pablo, Marcela, Hernán, Cristian, Norberto, Adrián y sus respectivas, Leo, Aldo, Pablo, Gustavo, Carlos, Cybertron, Mariana y después con Luis y Sebastián.\n\nLa gente que estaba en la cola era desconocida (oyentes quizás?). El teatro sonaba bien y el escenario era bastante adecuado para la ocasión.\n\nNEVER IN CONTROL\n\nEl set de Intro comenzó recién a eso de las 22 hs, pero la espera valió la pena...\n\nEl primer tema 'Intro', lo habíamos pasado en Recuerdos del Futuro para difundir el evento y sonó muy bien. Lo demás fue variado, temas dance-trance, hardcore industrial, techno pop, y un cover de 'World Full of Nothing' de Depeche Mode, con varios instrumentos (!?)\n\nAhí fue cuando subió Leo a tocar el Ensoniq SQ1. El set duró un poco menos de una hora y contó con un par de detalles (Las antorchas, y la proyección de imágenes que crearon el clima correcto).","/images/1996-TeatroLMarechal-27-04-96.png;/images/1996-TeatroLMarechal-27-04-96b.png;/images/1996-TeatroLMarechal-27-04-96c.jpg;/images/TheSecondReport_0133b.png;/images/TheSecondReport_0134.png"
020,1996-05-04,"Pantheon + El Dorado","Av. De Mayo 948, Buenos Aires","Venue: Pantheon;Venue: El Dorado;Genre: Techno Pop;Genre: Goth;Genre: Pop;Genre: Punk;Genre: Techno","Otro sábado más. 'I'm The Firestarter'. De repente me di cuenta que si no me apuraba no iba a encontrar a los chicos reunidos en la pizzería. Ella estaba mal y ya no podía hacer nada. Así que salí de casa solo, como ya hice varias veces antes.\n\nTomé dos colectivos y llegué justo. Me encontré con Luis, Luciano, Carlos, Hernán, Cristian, Marcela y Natalia. Después caminamos mucho y la ciudad nos mostró algunos de sus secretos. Con Luis y con Luciano realmente no sabíamos dónde ir. \n\nTocamos un coca en el Burger King que está en frente al Obelisco, donde sonaba '101' de Depeche Mode. Ahí nos encontramos con las technosas de la UBA, que tampoco sabían qué hacer en esta maldita ciudad. Y nos fuimos para ver qué pasaba en la zona de Pantheon y El Dorado. Nos encontramos con Javier y terminamos entrando al Pantheon. Eran más de las 4 AM.\n\nAllí adentro escuchamos de todo. Nos encontramos con las chicas Depeche Mode de la Trashnoche y con Ángel (quien nos invitaba a ir los viernes). Escuché cosas de New Order, Soft Cell, Camouflage, Bjork, Duran Duran, Pulp, Alphaville, Lords Of The New Church, Blur, Iggy Pop, Jane's Addiction (?). No está mal, es necesario que haya un lugar donde escuchen buena música, pero estamos en 1996. El lugar me cayó bien igual. \n\nCon Luis queríamos ir a El Dorado, así que a eso de las 5.50 AM dimos la vuelta y entramos gratis al templo de los gárgolas. Supuestamente íbamos a encontrarnos con Sebastián allá dentro pero jamás apareció.\n\nAl principio Discogárgola Event. Ahí adentro había gente de mas. Salvo nosotros, Andy Abstract, Diego Cid, Gustavo López, Maxi y su novia, a nadie le interesaba la música.\n\nEl lugar estaba lleno de travestis, freaks, narcos y viciosos. Hubo un momento que la música se tornó muy violenta y un imbécil vino a gritar y no sé por qué me calenté mucho y le grité a la cara y quise pegarle.\n\nHubiera sido perfecto, gárgolas y gente de mierda vendo a un tecnoso pateando a un fiestero con un violento soundtrack.","/images/1996-Pantheon.png;/images/1996-ElDorado.png;/images/TheSecondReport_0135.png;/images/TheSecondReport_0135b.png;/images/TheSecondReport_0136.png;/images/TheSecondReport_0136b.png"
021,1996-05-10,"El Pantheon","Av. De Mayo 948, Buenos Aires","Venue: Pantheon;Genre: Techno Pop;Genre: EBM;Genre: Rave;Genre: Techno","(el circulo hermético)\n\nComo el día correcto para ir al Pantheon es el viernes, fuimos con Luis. Tras el consabido viaje llegamos al lugar y nos encontramos con Damián, la novia e Iván (UBA boys), y con Rubén (Mutus Liber)\n\nLlevamos música (Ist, Firestarter, Trash & Go!) para repetir esa cosa de imponer como hace tres años en Lipsy. Vino Sebastián con Florencia y amigas. \n\nPasaron techno pop: 'That Smiling Face', 'Adonde', 'Walking Away', 'The Model', Depeche Mode , 'Fine Time', 'Bizarre Love Triangle', 'Tainted Love', 'Obsession', 'Fade To Grey', 'New York'.\n\nEBM: \n'Lightning Man, 'Rope', 'Murderous',\n'Agressiva', 'Quite Unusual' 'Don't Crash', 'Take One', 'Masterhit', \n'Edge To Life', 'Resist', 'Deine Haut' \n'Strap Me Down' y 'Nothing Seen Nothing Done' de Leæther Strip, \n'Over The Shoulder' y 'Just Like You' de Ministry, etc.\n\nPero nosotros queríamos más y como el imbécil de Ángel daba vueltas fui a la cabina y llevé los CDs. Otra vez esa ansiedad y la aceleración en el ritmo cardíaco antes del caos.\n\nPrimero puso 'Deutschmaschine' y después siguió con temas de una compilado de Harthouse records, y ya era mas de lo que pensaba. Después Midi Clock 'Loosin' My Mind' del compilado argento 'Trash & Go', 'Firestarter' de The Prodigy y saltamos como seres conectados a 220 volts con esos breakbeats violentos. \n\nY después 4, 5 o mas temas melódicos y también ácido y no parábamos de bailar. Fue terrible, y terminó con algo de 'Lifeforms' de FSOL. \n\n'...El Rock dejó de ser revolución? El Rock nunca fue revolución...'","/images/1996-Pantheon.png;/images/TheSecondReport_0137.png;/images/TheSecondReport_0137b.png;/images/TheSecondReport_0138.png"
022,1996-05-31,"Scherzo, Teatro L. Marechal","Belgrano 75, Ramos Mejía, Buenos Aires","Artist: Scherzo;Venue: Teatro Leopoldo Marechal;Genre: Techno Pop","Tocaba Scherzo en el Teatro L. Marechal de Ramos Mejía, en la puerta nos encontramos con Ariel (Abismo) y esta chica (Viviana) que tiraba mas que onda (gusta de nosotros!), Hernán, Luciano, Fernando, Alejandro y amigo, Nicolás y amigos. Y cómo explicarles que Recuerdos del Futuro no va mas? Era lamentable. Después llegó Ricardo de Intro, Valeria, Yamila, Pablo, Sebastián, Ricardo y Andrea. \n\nEl show salió muy bien, tocaron mi favorita ('A oscuras') dos veces. Y aunque algunas cosas tuvieron un toque excesivamente pop, estuvo muy bien armado.\n\nHubo dos sorpresas, el cover de 'Have In Mind' de Cetu Javu, y y una improvisación de 'The Circus', de Erasure. Estuvo bueno!\n\nA la salida le firmé un 'autógrafo' a esta chica y se confirmó la sospecha. Intercambié palabras un rato sin saber que tres personas muy especiales estaban en el área (en sólo dos cuadras). \n\npeople / ideas / time\n\nDe ahí había que ir a comer a algún lado, de repente me di cuenta de que Cecilia y Analía (muy mala onda) estaban en el lugar. No fuimos al McDonald's a comer y a hablar y hablar y hablar. \n\nDe ahí al Morocco (a ver a DJ Piers) con Fernando en el auto. Finalmente llegamos al lugar y los chicos estaban en la puerta. Fuimos separados en dos grupos. Costo entrar, casi nos quedamos afuera. Si no fuéramos tan fanáticos de la música tendríamos que poner una bomba o romper algo a cada hijo de puta que no nos deja entrar.\n\nLa entrada estaba $15 y pagamos $10. La noche fue una muestra de cómo vuelan tus sentidos con todo tipo de sonidos, velocidades, efectos, música instrumental futurista, armónica y descontrolada, muy elaborada y avanzada. DJ Piers nos destruyó. \n\nTuve un pequeño percance con un gordo (el de Caix, el que grita 'Oh My God!'), pero no pasó nada. Con semejante soundtrack el tigre puede mostrar sus garras y estremecer el lugar.\n\nTerminó a las 4:00 AM porque la policía estaba rondando por la zona. Pero estuvo terrible, uno de los mejores noches en cuanto a música. Afuera el catalán fiestero descontrolado, los ingleses gruñones ('Fucking Place') y el boliviano borracho ('a ese perro le salió un rulo en el culo'). \n\nDe ahí a caminar a la misma estación de servicio que fuimos cuando fracasamos en Morocco (Trance Industrial night). \n\nMucho frío, risa...hablar, hablar, y hablar y viajar...\nsueño incierto...agonía...esperanza...broken body","/images/1996-TeatroLMarechal-31-05-96.png;/images/TheSecondReport_0139.png;/images/TheSecondReport_0139b.png;/images/TheSecondReport_0140.png;/images/TheSecondReport_0140b.png;/images/TheSecondReport_0141.png"
023,1996-07-12,"MTV Mastermix, Puente Mitre","Bosques de Palermo, Buenos Aires","Venue: Puente Mitre;Genre: House;Genre: Hard House;Genre: Trance","Después de estar casi un mes y medio sin ir a bailar salimos nuevamente con el objetivo de trascender el cuerpo.\n\nHabíamos salido, a la Trashnoche etc, etc, pero después de escuchar una publicidad que decía '…tus sentidos tomarán forma con el ritmo cibernético de Mastermix. MTV te invita a ser parte de la fiesta del año, que alterará tus células transportándote a otra dimensión. Sintoniza tus antenas, el viernes 12 de julio a la medianoche en Puente Mitre, Av. Casares y Sarmiento, y podrás bailar y escuchar lo último en dance, trance, ambient y techno junto a los cámaras de MTV. No te pierdas esta expansión celular con Mastermix…'\n\nAl final fui con Fernando y Luis. Teníamos que ir. Llegamos y la puerta parecía dura, con caras del jet set (Elizalde & Cabak), y con música de fondo increíble (poderoso y experimental Drum n' Bass). \n \nYa estaba pasando mucho tiempo y por suerte lo vi a Carlos y a Aphex Twin en la cola y me dio una entrada. Con esa única entrada estafé al de la boletería y nos ahorramos $15 cada uno. \n\nCuando estábamos por entrar Fernando me decía que estaba con los amigas, y todo el conflicto que genera que salga sin avisar. No es problema mío. Nunca vi tantas rubias en mi vida (creo). \n\nLas dancers nos partieron la cabeza, especialmente la chica de pelo lacio corto casi carre europea hasta la medula, su cara de descontrol me hipnotizó (Inalcanzable). \n\nLa música esta bien, a pesar del aguante, muy hip hop, y después buen dance, House, Hard House. Después Acid y Trance melodioso, con muy poca gente sobre la húmeda pista. \n\nLos rayos láser, el video-wall, los globos y los cañones de fuego completaron la parte visual. Ese viernes había que estar ahí.","/images/TheSecondReport_0141b.png;/images/TheSecondReport_0142.png;/images/TheSecondReport_0142b.png"
024,1996-07-14,"Tecno-logica @ Cemento","Estados Unidos 1240, Buenos Aires","Artist: Dr. Ox;Artist: Intro;Artist: The Other Faith;Venue: Cemento;Genre: Techno Pop;Genre: EBM;Genre: Industrial","Por fin llegó la tan esperada primera fiesta de Tecno-logica. Tocaban Dr. Ox, The Other Faith e Intro. Fue bastante gente, no pude calcular bien cuántos, pero estaba bien para empezar (Eran 100, 120?) \n\nSalimos del punto Reflex con Silvia, Diego T., Sergio, Carolina y Gonzalo y nos encontramos con Andrea y Walter de Morón. Allá estaban los oyentes de Recuerdos del Futuro típicos, los de la UBA, Ángel, los chicos de La Trashnoche, el cada vez más ridículo Ariel, Claudio, Vana, Javier y los chicos, etc. El lugar es gigantesco y suena muy bien.\n\nTechno pop para el aguante y después cosas conocidas, como 'Techno Man', 'Rhythm Of Time', 'Plasticity', 'Tragedy For You', 'Lightning Man', 'You Think You Know Her', etc...\n\nThe Other Faith sonó bastante bien, están mejorando de a poco. Ni bien termina The Other Faith largan 'Tekno La Droga' y nos descontrolamos de golpe con Luciano, Luis, y más tarde Ignacio (Mutus Liber). Después Man with No Name, 'Dominator', Chemical Brothers, y fue impresionante. Descontrol y todos miraban.\n\nDespués siguió Dr. Ox, que fue lo que más me impactó, no esperaba tanto, moderno y poderoso, con una pausa en el medio en la cual Ricardo Mielnik leyó un cuento de Kafka, y después siguió y bailamos como con la música que había antes. Muy bueno.\n\nAl rato nos dispersamos un poco y tocó Intro. Falto el tema que habían tocado en el Teatro L Marechal (Pag. 134) pero estuvo bastante bueno. Tenían talento.\n\nDespués tocaron los Terrestres Anónimos, y escuchamos cosas tan buenas, o incluso mejores que los de la fiesta de Morocco (Pag. 140). Los arreglos paneados, los bajos, el golpe, las melodías. Dancefloor CHAOS!\n\nFue ahí cuando entre los gritos nos preguntamos con Luciano por qué éramos siempre los mismos los que no parábamos y mirábamos adelante (que no por eso nos olvidamos ni renegamos de nuestro pasado). Sino que no nos cansamos en la mitad de la escalera, y que tenemos razón.\n\nSleeping Is Universal, Dreaming Is Magic","/images/1996-Tecnologica-Cemento-14-07-96.png;/images/1996-Tecnologica-Cemento-14-07-96b.png;/images/TheSecondReport_0143.png;/images/TheSecondReport_0143b.png;/images/TheSecondReport_0144.png;/images/TheSecondReport_0144b.png;/images/TheSecondReport_0145.png"
025,1996-07-19,"Raves Siderales, Cemento","Estados Unidos 1240, Buenos Aires","Artist: Acum;Artist: Frecuencia Infinita;Artist: X-pander;Venue: Cemento;Genre: Ambient;Genre: Trip Hop;Genre: Breaks;Genre: Trance","El desafió es poder expresar en una simple hoja de papel todo lo que ví y lo que sentí esa noche, aquel 19/07/96. \n\nLlegué del trabajo totalmente conectado y usé el teléfono. Una intensa actividad dominaba mi cerebro y tenía que tranquilizarme y preparar todo de a poco. Después de todo, salí.\n\nPase a buscar a Luciano, (bocinas acidas sonaban en la F-100), y después pase a buscar a Valeria y a Yamila (y la solución salina !!). Autopista y comenzó el festival.\n\nAl principio pensé que había poca gente afuera, pero el tiempo me demostró que estaba totalmente equivocado. En la esquina donde dejé la F-100 nos encontramos con Adrián, Norberto y sus novias, y en la puerta de Cemento con Javier (amigo de Silvia), Cristian, Pablo y Aldo. Después llegó Silvia, Eleonora y Sergio, Andrea y no sé quién más.\n\nEntramos y habían colgado un cartel luminoso con la leyenda 'Raves Siderales' que quedaba muy bien. Adentro estaba todo decorado con paneles cuadrados amurados a la pared, y todo pintado con colores fluorescentes, cintas de plástico, dos barras. Envidiable!! \n\nDe a poco se fue llenando y casi se llenó, calculo que hubo más de 300 personas. Al principio se hacía denso escuchar ambiente en vivo porque era demasiado aleatorio en la gente de Misahega; después se fue acelerando y se fueron agregando percusiones, y, a pesar de la puesta en escena, chocaba un poco, estábamos escuchando una mezcla de Jungle y música electrónica muy fuerte. Después de eso los DJs pasaron Jungle y nos asombraron las bases y los break beats. \n\nAntes llegaron todos nuestros amigos y el grupo estaba casi completo. (Diego, Carolina, Fernando, Romina, Cecilia). Intercambié experiencias en la Web con un amigos de Javier. El clima iba creciendo de a poco y seguían llegando gente.\n\nLo único que era no criticable, sino verdaderamente repulsivo, era la experiencia de tener que ir al baño. Fui dos o tres veces, y la última creo, me acompaño Fernando y nos metidos en el único que había luz, unas chicas esperaban para entrar y me preguntaba cuanto faltaba, y yo con el elemento en la mano.\n\nLa gente estaba dada vuelta, las cámaras registraban imágenes imposibles de ver en este país. \n\nEn un momento le llegó el turno a Frecuencia Infinita, yo estaba en una muy buena ubicación y sonó muy bien (excelente). La gente se agrupó y enseguida empezaron a bailar. Estuvo terrible, nuestros tímpanos no olvidarán esta parte de la fiesta. Después de eso se pasó a un descontrol con violentos tonos techno (con elementos rave y algo de trance), difícil de olvidar e irresistible.\n\nUno de los puntos más altos de la noche, un paseo por el paraíso electrónico, que nos llenó de euforia, y nos elevó de un clima a otro, con temas conocidos y otros no tanto, un despliegue de movimientos inusual.\n\nFuture show of strength in a different night full of emotions, wisdom and chaos. Eso sumado a q la gente estaba eufórica me destruyó la cabeza. Hasta pasaron 'Age of Love' que casi nunca escuchamos en un lugar. Adiós al peinado, viva la revolución.\n\nEmocionalmente confundido presencié el show de X-pander, con un comienzo experimental e inesperado, y con crudos sonidos cautivaron a cierta parte del público (no dados vuelta, y movieron mas de un culo). Agresivos detalles y la propuesta 'no armonía', me liberaron de la tensión (y me gustó). Casi ni me di cuenta de lo de Acum. \n\nTambién hubo algo de charla, algo de alcohol, miradas (muchas), reuniones, dosis de química, aromas, golpes, gritos, etc.\n\nTodo lo que siempre esperé ver en una fiesta y no nunca, pero pocas veces viví.\n\nA ver si los tecno-truchos secos están conformes (no, obviamente), y un guía para tomar en cuenta, no desde el punto de vista humano (parecen hippies), sino por lado de la organización. Esa organización, esa música y las ideas de Tecno-logica pueden cambiar las cosas.","/images/1996-RavesSiderales-Cemento-19-07-96.png;/images/1996-RavesSiderales-Cemento-19-07-96b.png;/images/1996-RavesSiderales-Cemento-19-07-96c.jpg;/images/TheSecondReport_0145b.png;/images/TheSecondReport_0146.png;/images/TheSecondReport_0146b.png;/images/TheSecondReport_0147.png;/images/TheSecondReport_0147b.png;/images/TheSecondReport_0148.png;/images/TheSecondReport_0148b.png"
026,1996-08-02,"Afterhours @ El Pantheon","Av. De Mayo 948, Buenos Aires","Venue: El Pantheon;Genre: Drum n' Bass;Genre: Techno;Genre: Rave","A descontrolar el Pantheon. Ahora q la Urban Groove había tomado el lugar (ex-Fledermaus) y había que aprovechar. Se hacían after hours los sábados (con mucha gente), y este, el primer viernes. Salimos de Ramos con Luis y Andrea, allá nos encontramos con oyentes de Recuerdos del Futuro y pasamos gratis, gracias a Dee Jason. No había mucha gente, pero…\n\nAl principio pasaban Jungle, o Drum n' Bass, no sé, rítmico (groovy). Nos encontramos con Claudio y los amigos. Recupere la Minolta. Andrea me buscaba.\n\nLa música fue muy buena. Comenzó hipnótica y minimalista, se fue endureciendo con temas tipo Emmanuel Top y llego a un punto increíble con un tema raver muy positivo de Jaydee (para mí era nuevo). Mucho descontrol. \n\nDespués apareció Diego T, Carolina, Carlos y la novia, y en el baño me encontré al delirante de Cybertron. En la pista había olor a huevo (pocas mujeres).\n\nBajos increíbles - Bajos instintos\n\nA pesar de que era viernes yo no me sentía cansado, no podía parar. Bailar fuerte me da una sensación de liberación total y pude sentir la vibración cuando subió Diego Cid y entre otras cosas puso 'G-Force' de The Prodigy y mucho humo en la pista, y destruimos nuestros oídos y nuestros convulsionados cerebros al ritmo de ese impresionante caudal de descontrol.\n\nNos matamos! Después siguieron con clásicos y no paré. Después 'Rip Up The Sound System' y de nuevo el descontrol.\n\nraving pictures / german girls in the bus home","/images/1996-AfterHours-Pantheon.png;/images/1996-AfterHours-Pantheonb.png;/images/1996-AfterHours-Pantheonc.png;/images/1996-AfterHours-Pantheond.jpg;/images/TheSecondReport_0149.png;/images/TheSecondReport_0149b.png;/images/TheSecondReport_0150.png"
027,1996-08-09,"El Pantheon","Av. De Mayo 948, Buenos Aires","Artist: Punto Extremo;Venue: El Pantheon;Genre: EBM;Genre: Techno Pop;Genre: Rave","Se hacía una fiesta en el Pantheon, a la cual yo había jurado que no fue así, pero ella me agarró con la guardia baja y junto con Fernando lograron convencerme y fuimos los tres en el Dodge 1500 naranja.\n\nEn la puerta del lugar ya había algo de gente y enseguida nos encontramos con Luis, Sebastián y los chicos de la FM Unión. Unos molestos habían ofrecido antes entradas anticipadas, después gaste $2 más pero me saqué el gusto y les corté el rostro.\n\nNos fuimos a tomar un café para decidirnos y después finalmente entramos todos. Estaba bastante lleno y sonaba Depeche Mode. Después tocó Punto Extremo y ni fui a verlos. No me interesa.\n\nLuego de tres años (o más) volvimos a bailar 'Fun To Be Had (Master Mix)' q desde D'Light que no la escuchaba. Después era obvio: 'Moldavia', 'Lighting Man', 'Mind Phaser', 'We Believe', etc, etc. Estaba bien pero, esa gente era medio cabeza y muy cuadrada.\n \nCon la charla totalmente entrecortada (casi cortada), me desconecté con 'Plasticity' de Front Line Assembly, y después me cayó muy simpático escuchar 'Its A Shame' de Talk Talk. Information Society 'Peace & Love, Inc' y volví a la pista, realmente no había otra cosa para hacer. \n\nEl grupo se dividió y se aceleraron los beats, después de temas New Beat muy buenos, pasaron 'Progen 91', 'Comin' On' y 'Ebeneezer Goode (South Of Detroit Vocal)' (acidic, insane & violent), 'Everybody In The Place' y por ultimo 'Dominator' y se formó una vez mas la gran ronda de siempre en la cual los iniciados miran una descarga de energía brutal sin contacto físico (léase Pogo). Front 242 'Modern Angel', aire, agua y retorno casi sin pensar lo q decíamos. Tan cerca y tan lejos.","/images/1996-Pantheon.png;/images/TheSecondReport_0150b.png;/images/TheSecondReport_0151.png;/images/TheSecondReport_0151b.png"
028,1996-08-16,"Fiesta Trashnoche en El Ojo","Federico Lacroze 2620, Buenos Aires","Artist: Frecuencia Infinita;Venue: El Ojo;Genre: EBM;Genre: Techno Pop;Genre: Rave;Genre: Hardcore","Voy a tratar de tocar el tema humano lo menos posible, para no recordar lo que vi esa noche. El lugar no estaba del todo completo. Llegué temprano porque tenía que pasar música (llevé mucho Rave!), y estaba ansioso y nervioso por ese momento.\n\nAl principio había cosas ambientales y comentarios a-lo-Sandro del Sr. Marenda. Estaban todos los chicos: Luciano, Luis, Fernando, Cristian, Leo, Sebastián, Adrián, Condor, Caba, Claudio, Javier, Silvia, Sergio, Cesar, Cecilia, etc.\n\nEn la puerta había una figura de cartón de William Shatner (Captain Kirk), y el lugar estaba decorado muy bien, nada que ver con lo que ví el año pasado (05/08/95, pág. 87).\n\nAl principio pusieron partes de temas techno de la década pasada (Depeche Mode, Cetu Javu, Front 242, Nitzer Ebb, Eurythmics, Soft Cell, Yazoo, Peter Schilling), y después de un potente tema se largó el trance y el techno de los DJs de la Urban Groove.\n\nFue subiendo Miguel Silver y Gustavo López, Luis Nieva nos mató con algo de Rave ('Frequency', 'Dominator'). Pero casi siempre somos los mismos...Ignacio, Rubén, Caba, Bruno,...\n\nHubo un desfile de ropa Sixxy con un tipo con cara de gargolero y una mujer horrible. Les gritamos de todo.\n\nDespués tocó Frecuencia Infinita y sonó muy bien, la gente no se movió tanto, y después tocó Diego Cid y volamos con Plexus 'The Cactus Is Saved', 'I'm The Creator', 'G-Force', 'Fire', etc. Caos total en mi cabeza, imágenes, luces, gritos, abejorros, bajos, euforia. Grité muy fuerte: 'bailen argentinos de mierda ¡quiero ser un kelper!' Y se largó el tema de Dye Witness 'What Would You Like To Hear Again?'. Con Luis y algunos chicos destrozamos el suelo. Now!! Release Your Anger!\n\nDespués tocó Jason, y después me tocó a mí para terminar. Directamente de las Technics (CD player), largué con 'Temple of Dreams (Hardcore Mix)', después 'How Does It Feel', 'Nana', 'Wind It Up (Tightly Wound)', la que llevaba a Lipsy, Hocus Pocus 'Here's Johnny (Ramirez Remix)', para que se acuerden quién estaba en la cabina. \n\nThe Carpenter 'Let's Blow This Joint, 'Firestarter (Empirion Mix)' (Cesar me pidió 'Molotov Bitch'), Jones & Stephenson 'The First Rebirth' (escuché gritos), y destroce los tímpanos de todo el mundo con Illigal Alien 'Frankfurt This Is The Hague' y Sorcerer 'Summer'. Me fui con 'Brand New', de Fini Tribe.","/images/1996-ElOjo-16-08-96.png;/images/1996-ElOjo.png;/images/TheSecondReport_0152b.png;/images/TheSecondReport_0153.png;/images/TheSecondReport_0153b.png;/images/TheSecondReport_0154.png"
029,1996-08-23,"Pantheon After Hours","Av. De Mayo 948, Buenos Aires","Venue: El Pantheon;Genre: Hard Trance;Genre: Rave","Nos levantamos a eso de las 15 hs, nos dedicamos a hacer todas esas tareas que no se pueden hacer en la semana y quedamos con Luis en ir al after hours del Pantheon. La familia salía de vacaciones y había que descontrolar. Puse la alarma a las 5:30 AM (domingo) y nos fuimos a dormir.\n\nDomingo a la mañana, bien temprano, ni panadería, ni carnicería y mucho menos misa. RAVE!!\n\nLlegamos y nos encontramos con Sebastián, Andrea, Javier y Lucas (muy ebrio!!). Decadencia en el Chill out zone. AWeX 'Back On Plastic', Con este nos empezamos a mover en serio. Había mucha gente (nunca vi tanta gente en el Pantheon), y unas rubias que me destrozaron.\n\nPasaron unos temas Monster House medio feos pero después se puso mejor. Las piernas me dolían pero había que seguir. \n\nDiego Roca estuvo muy bien con temas muy duros y nuevos, y después Diego Cid nos levantó con 'Chill Out' de Emmanuel Top, y nos dio leña con Hard Trance y Jungle. Buena música, 'lindo'.\n\nNos quedamos con Luis y Andrea hasta el final, y tuvimos nuestra recompensa. Algo que no escuchaba exactamente desde el 29/10/94 'Thousand', de Moby!!\n\nAceleración total y me sentí muy bien. Ya eran cerca o mas de las 11:00 am. Afuera estaba la loca delirante apurando a todo el mundo, Carlos, que había llegado tarde, los DJs con los discos al hombro, y dos mujeres que nos sacudieron.\n\nLlegamos a casa a eso de las 13 hs, comimos hamburguesas y a dormir.","/images/1996-AfterHours-Pantheon.png;/images/1996-AfterHours-Pantheonb.png;/images/1996-AfterHours-Pantheonc.png;/images/1996-AfterHours-Pantheond.jpg;/images/TheSecondReport_0154b.png;/images/TheSecondReport_0155.png;/images/TheSecondReport_0155b.png"
030,1996-08-30,"Frere","Olleros 1775, Buenos Aires","Venue: Frere;Genre: Pop;Genre: Funk;Genre: House","PUSSY CONTROL / everybody on line...\n\nEstaba medio destruído por el trabajo y la facultad pero decidí ir igual. Habíamos ido con Luis y Marcelo a la radio a presentar un par de temas y arreglaros para vernos con Sebastián y los chicos en Frere, una disco para chetos en Barracas de Belgrano.\n\nMucho no me convencía la idea, pero fuimos igual, parecía que había entradas gratis y bueno, si bien no fue tan así, tampoco fue tan distinto. Reconozco que yo sentía que tenía que estar en otro lugar.\n\nPero llegamos finalmente, el lugar era demasiado careta, hasta había gente de traje. En la puerta me encontré con Florencia, y más tarde llegaron Sebastián, Adrián y unos amigos/as.\n\nPasamos todos, los varones pagamos solo la consumición y apenas entramos vi a una chica apoyada en una columna que me destrozó. Era igual que Natasha Henstridge (Species), pero morocha. Cuerpo perfecto, cintura diminuta, ningún error. sensual, femenina, única, me mató.\n\nLa música era tipo Coolio, C&C Music Factory, George Michael, Prince 'Pussy Control', etc. Música que hace mover a las mujeres (en general, mal eh?)\n\nComo la música era mala había que hacer algo para divertirse, sino iba a ser terriblemente malo. El Cointreau, la cerveza y el Martini Rosso hicieron que el aburrimiento desaparezca. Como nos pegó ese trago, estábamos en la barra y estuve llorando de la risa en la barra sin poder parar delante de todos, y no aguantábamos más.\n\nBailamos cosas muy chocantes (pero todos temas extranjeros). Cada vez que pasaba La mujer nos queríamos matar. En general había muy buen material. Parecía que todos se conocían.\n\nDespués también fuimos arriba a tomar cerveza (más!) y vimos a un chabón destruído vomitar. No se como no nos echaron del lugar. Un mareo total, no sé que hubieran pensado ni hubiéramos tomado más, o si la música hubiera sido un poco mejor.\n\nYo no me quería ir del lugar ni decirle nada a La mujer. Espero a que pase sola y le pregunte si había nacido en este planeta...me miró, sonrió, dijo que si, y me mató. Fui corriendo y me tire por la escalera.\n\nDespués empezaron a pasar música dance mas actual y fue chocante cuando pasaron 'Who Is Elvis?', nos descontrolamos bastante.\n\nEstábamos muy destruídos y nos fuimos todos juntos. Con Luis y Marcelo tomamos mal el 55 y nos llevó a la terminal, en Barracas de  Belgrano.","/images/TheSecondReport_0157.png;/images/TheSecondReport_0157b.png;/images/TheSecondReport_0158.png;/images/TheSecondReport_0158b.png;/images/TheSecondReport_0159.png"
031,1996-08-31,"Venue TBC","TBC, Buenos Aires","Venue: TBC;Genre: Techno;Genre: House","Estuve toda la noche en la casa de Ariel conectado a la Red a búsqueda de información, gracias a la clave de Martín de Radiomensaje, el acceso era gratuito, solo había que saber cómo hacerlo, y lo descubrimos.\n\nLlegamos a casa a eso de las 6 AM pero Luis no podía venir así que nos fuimos solos. (Como quizás dentro de 6 meses cruzando el Atlántico). Llegamos pasadas las 7 AM y nos encontramos con Dyson (Fedor) y la novia, con Patricia, Sebastián, Javier, Marcelo, Carlos, la novia, Sabrina y Johanna, Daniel, Fernando, Maxi, la novia y muchas gárgolas.\n\nEl tema de Emmanuel Top que tiene la respiración en la INTRO me llevó a la pista. Me sorprendió la proyección de fractales en la pantalla.\n\nTerrible lo de Aldo Haydar y muy bueno lo de Miguel Silver, Luis Nieva y Gustavo López. Bailé bastante y tuve a una de los chicas de la velada perfecta cerca, ahí.\n\nVodka + Jugo de Limón + Amigos + Techno\nIan Pooley 'The Move' GAS! SOUNDTRACK","/images/TheSecondReport_0159b.png;/images/TheSecondReport_0160.png"
032,1996-09-07,"Pantheon (26 HORAS DESPIERTO)","Av. De Mayo 948, Buenos Aires","Venue: El Pantheon;Genre: Techno;Genre: House;Genre: Hard Trance","Ese sábado (domingo), llegué a casa con la F-100, destruído, a eso de las 6:45 AM. Dejé algunas cosas, me lave un poco y partí rumbo al Pantheon, sabiendo que poca gente hubiera hecho lo mismo. Casi me duermo en el nublado viaje pero llegué.\n\nEn la puerta me encontré con Hernán (el raver), y su amigo Pablo. Adentro estaba Luis, Marcelo, Sebastián, Claudio, Diego, Patricia. El lugar estaba lleno de gente y la música era violenta. En la pantalla se proyectaban imágenes de un video de una rave francesa con grupos en vivo tipo Westbam, Joey Beltram y Lunatic Asylum.\n\nEstaba pasando música Luis Nieva y escuchamos temas nuevos, o que quizás no habían pasado antes. Después tuve un DJ Español (Magoya Dj), que a pesar de un pseudónimo chocante nos sorprendió con House de vanguardia.\n\nSiguieron Gustavo López y Miguel Silver y no podíamos parar. Supuestamente yo tenía que estar cansado!\n\nLos chicos (Luis, Sebastián y Marcelo), se tenían que ir antes, y me quedé con los demás. Si no me hubiera quedado por me hubiera perdido 'Chill Out' de Emmanuel Top, y temazos Hard Trance (torturas a la 303), el hipnótico glorioso que tiene la parte Drum n' Bass, con un espejo adelante y una mujer al costado, algunos amigos y otros no tanto.\n\nWhere am I!? (the secret)\nI need a place to hide","/images/1996-Pantheonb.jpg;/images/TheSecondReport_0161.png;/images/TheSecondReport_0161b.png;/images/TheSecondReport_0162.png"
033,1996-09-14,"Pantheon","Av. De Mayo 948, Buenos Aires","Venue: El Pantheon;Genre: Techno;Genre: House","Había abierto un lugar nuevo dos días antes ('El Centro'), a metros de la 9 de Julio, nuestra idea era ir a conocer el lugar pero Lisa en la puerta nos pidió la accesible suma de $15. Intentamos entrar por otros medios, pero no se dio. Cruzamos la 9 de julio, ya estaba lloviendo, y nos metimos en el Pantheon.\n\nAdentro estaba Andrea y el chico del programa Segundo Sentido. Depeche Mode, New Order, The Cure, Information Society, Love & Rockets, Nitzer Ebb, Siouxsie & The Banshees, Lords Of The New Church. Estaba hablando con Mariano Reznik, un rato largo, y los gritos de 'Monkey Say, Monkey Do' me llevaron a la pista (una vez mas!). \n\nDespués, nos sorprendió el video de 'Everybody In The Place' y saltamos. Después, 'Los Niños Del Parque', 'Closer' y no sé qué más. \n\nObviamente nos quedamos al after hour. Llegaron Sebastián, Marcelo, Carlos y la novia, Sabrina, Johanna y Javier. Entraron unos gárgolas (entre ellos la gárgola de Caix), y algo increíble, Dj Deró en Pantheon!\n\nHabía muy buen material femenino y las dos de la velada nos mataron (y se fumaron un porro). \n\nEn general la música fue buena pero no alcanzaba a tocarme, salvo lo que pasó Miguel Silver 303, yo estaba muy cansado, medio anulado pero saque energía, vaya a saber de dónde, cuando Diego Cid puso 'This Is Not a Mind Trip' de Air Liquide, Emmanuel Top y 'G-Force' y 'Rip Up The Sound System' de The Prodigy. \n\nTotal / Mental / Brutal / Mortal (afuera llovía, adentro ardía)","/images/1996-Pantheonb.jpg;/images/TheSecondReport_0164b.png;/images/TheSecondReport_0165.png;/images/TheSecondReport_0165b.png"
034,1996-10-05,"Back to Caix","Av. Costanera Rafael Obligado 1221, Buenos Aires","Venue: Caix;Genre: Techno Pop;Genre: House;Genre: Trance","Fernando me dijo que vaya a la casa a la medianoche y caí cerca de la 1 am. Nos pasó a buscar Facundo en un VW Gol y dos chicos más, y paramos en una estación de servicio donde compramos una botella de champagne y un licor de naranja.\n\nDirecto a la autopista a mas de 110 km/hora escuchando música chocante Billy Idol. El champagne casi natural era feo, pero el licor era venenoso. Cuando lo tragaba me quemaba la garganta.\n\nLevantamos a Rodolfo en el Paseo Alcorta y fuimos a Caix otra vez. Pasé con la botella de licor abajo del brazo (dentro de la campera) y brindamos adentro.\n\nLa música era basura y estábamos alegres (no por lo que escuchábamos). Bailamos boludeces de afuera, tomamos gin con limón y Gancia batido. A Fernando le habían cambiado la cara. \nYo no sé. Me acuerdo de haber escuchado 'Bizarre Love Triangle' (twice), y arriba en el VIP, 'Jump Around' de House of Pain.\n\nÍbamos y veníamos cada vez que se escuchaban letras en castellano. Nada más nos reíamos y decíamos la palabra 'gárgola', tooodo el tiempo.\n\nAl final pasaban House y Trance más fino (Higher State '96), y otros cosas interesantes.\n\nAfuera ya de día, terminó con Ambient Trance y BBE 'Seven Days and One Week'. La vuelta fue salvaje.","/images/TheSecondReport_0166b.png;/images/TheSecondReport_0167.png;/images/TheSecondReport_0167b.png"